method,parameter_source,decomposition,scarce_fraction,full_mean_aleatoric,scarce_mean_aleatoric,aleatoric_scarcity_shift,full_mean_epistemic,scarce_mean_epistemic,epistemic_scarcity_shift,full_spearman_aleatoric_label_entropy,scarce_spearman_aleatoric_label_entropy,full_spearman_epistemic_label_entropy,scarce_spearman_epistemic_label_entropy,scarcity_specialization_margin
ce-baseline,transferred-cifar-config,bregman-estimated,0.5,0.1948926449,0.2540898025,0.05919715762,-2.925128195e-10,1.194110366e-10,4.119238561e-10,0.09752541141,0.1102284781,,,-0.05919715721
ce-baseline,transferred-cifar-config,bregman-estimated,0.1,0.1948926449,0.5320232511,0.3371306062,-2.925128195e-10,-2.209104982e-10,7.160232129e-11,0.09752541141,0.1411973713,,,-0.3371306061
ce-baseline,transferred-cifar-config,information-theoretic,0.5,0.1948926449,0.2540898025,0.05919715762,0,0,0,0.09752541141,0.1102284781,,,-0.05919715762
ce-baseline,transferred-cifar-config,information-theoretic,0.1,0.1948926449,0.5320232511,0.3371306062,0,0,0,0.09752541141,0.1411973713,,,-0.3371306062
correctness-prediction,exact-cdc24149,bregman-estimated,0.5,0.1093047783,0.1919858307,0.08268105239,1.064099364e-10,6.260031382e-11,-4.38096226e-11,0.1585035034,0.1014952445,,,-0.08268105243
correctness-prediction,exact-cdc24149,bregman-estimated,0.1,0.1093047783,0.1053428948,-0.003961883485,1.064099364e-10,9.692553704e-11,-9.484399377e-12,0.1585035034,0.08470896188,,,-0.003961883495
correctness-prediction,exact-cdc24149,information-theoretic,0.5,0.1093047783,0.1919858307,0.08268105239,0,0,0,0.1585035034,0.1014952445,,,-0.08268105239
correctness-prediction,exact-cdc24149,information-theoretic,0.1,0.1093047783,0.1053428948,-0.003961883485,0,0,0,0.1585035034,0.08470896188,,,-0.003961883485
ddu,transferred-cifar-config,bregman-estimated,0.5,0.5424268246,0.5527040958,0.01027727127,-1.497487273e-10,-1.864358529e-10,-3.668712556e-11,0.1089882549,0.1444419638,,,-0.01027727131
ddu,transferred-cifar-config,bregman-estimated,0.1,0.5424268246,0.532631278,-0.009795546532,-1.497487273e-10,-2.07800957e-10,-5.805222969e-11,0.1089882549,0.1341330991,,,-0.00979554659
ddu,transferred-cifar-config,information-theoretic,0.5,0.5424268246,0.5527040958,0.01027727127,0,0,0,0.1089882549,0.1444419638,,,-0.01027727127
ddu,transferred-cifar-config,information-theoretic,0.1,0.5424268246,0.532631278,-0.009795546532,0,0,0,0.1089882549,0.1341330991,,,-0.009795546532
deep-correctness-prediction,transferred-cifar-config-extra,bregman-estimated,0.5,0.3530355692,0.3340080976,-0.01902747154,1.072580635e-10,-3.095023404e-10,-4.16760404e-10,0.1370170168,0.1224854522,,,-0.01902747196
deep-correctness-prediction,transferred-cifar-config-extra,bregman-estimated,0.1,0.3530355692,0.0396740362,-0.313361533,1.072580635e-10,6.100782379e-11,-4.625023975e-11,0.1370170168,0.1097208574,,,-0.313361533
deep-correctness-prediction,transferred-cifar-config-extra,information-theoretic,0.5,0.3530355692,0.3340080976,-0.01902747154,0,0,0,0.1370170168,0.1224854522,,,-0.01902747154
deep-correctness-prediction,transferred-cifar-config-extra,information-theoretic,0.1,0.3530355692,0.0396740362,-0.313361533,0,0,0,0.1370170168,0.1097208574,,,-0.313361533
deep-ensemble,posthoc,bregman-estimated,0.5,0.1994653791,0.2379640937,0.03849871457,0.2251733094,0.1500386596,-0.07513464987,0.1409309333,0.1504785001,0.1566828001,0.1239280955,-0.1136333644
deep-ensemble,posthoc,bregman-estimated,0.1,0.1994653791,0.3125378489,0.1130724698,0.2251733094,0.1669686288,-0.05820468068,0.1409309333,0.1154713541,0.1566828001,0.1643309434,-0.1712771505
deep-ensemble,posthoc,information-theoretic,0.5,0.1994653791,0.2379640937,0.03849871457,0.09574961662,0.09362259507,-0.002127021551,0.1409309333,0.1504785001,0.1711440606,0.1281709067,-0.04062573612
deep-ensemble,posthoc,information-theoretic,0.1,0.1994653791,0.3125378489,0.1130724698,0.09574961662,0.1353601664,0.03961054981,0.1409309333,0.1154713541,0.1711440606,0.1782006119,-0.07346192002
deep-loss-prediction,transferred-cifar-config-extra,bregman-estimated,0.5,0.09130101651,0.1921546757,0.1008536592,2.199392335e-10,3.570411466e-10,1.371019132e-10,0.08533273018,0.01916109077,,,-0.1008536591
deep-loss-prediction,transferred-cifar-config-extra,bregman-estimated,0.1,0.09130101651,0.02381116897,-0.06748984754,2.199392335e-10,-1.584239961e-10,-3.783632296e-10,0.08533273018,0.08911411997,,,-0.06748984792
deep-loss-prediction,transferred-cifar-config-extra,information-theoretic,0.5,0.09130101651,0.1921546757,0.1008536592,0,0,0,0.08533273018,0.01916109077,,,-0.1008536592
deep-loss-prediction,transferred-cifar-config-extra,information-theoretic,0.1,0.09130101651,0.02381116897,-0.06748984754,0,0,0,0.08533273018,0.08911411997,,,-0.06748984754
duq,transferred-cifar-config-extra,bregman-estimated,0.5,0.3426556885,0.3619650304,0.01930934191,-1.956921257e-11,3.084660305e-11,5.041581562e-11,0.1939211047,0.1426369409,,,-0.01930934186
duq,transferred-cifar-config-extra,bregman-estimated,0.1,0.3426556885,0.6251785159,0.2825228274,-1.956921257e-11,-4.000868803e-10,-3.805176677e-10,0.1939211047,0.1273907691,,,-0.2825228278
duq,transferred-cifar-config-extra,information-theoretic,0.5,0.3426556885,0.3619650304,0.01930934191,0,0,0,0.1939211047,0.1426369409,,,-0.01930934191
duq,transferred-cifar-config-extra,information-theoretic,0.1,0.3426556885,0.6251785159,0.2825228274,0,0,0,0.1939211047,0.1273907691,,,-0.2825228274
edl,transferred-cifar-config,bregman-estimated,0.5,0.2526060641,0.4198484123,0.1672423482,0.04897075891,0.1364782006,0.08750744164,0.2358073914,0.2108435382,0.2347380942,0.2122539123,-0.07973490655
edl,transferred-cifar-config,bregman-estimated,0.1,0.2526060641,0.3247703016,0.0721642375,0.04897075891,0.08192618191,0.032955423,0.2358073914,0.1690515063,0.2347380942,0.172658542,-0.0392088145
edl,transferred-cifar-config,information-theoretic,0.5,0.2526060641,0.4198484123,0.1672423482,0.04119374231,0.1020203233,0.06082658097,0.2358073914,0.2108435382,0.2365156018,0.2154615984,-0.1064157672
edl,transferred-cifar-config,information-theoretic,0.1,0.2526060641,0.3247703016,0.0721642375,0.04119374231,0.06450591981,0.02331217751,0.2358073914,0.1690515063,0.2365156018,0.1751010908,-0.04885205999
fast-deep-ensemble,transferred-cifar-config-extra,bregman-estimated,0.5,0.1994653791,0.2379640937,0.03849871457,0.2251733094,0.1500386596,-0.07513464987,0.1409309333,0.1504785001,0.1566828001,0.1239280955,-0.1136333644
fast-deep-ensemble,transferred-cifar-config-extra,bregman-estimated,0.1,0.1994653791,0.3125378489,0.1130724698,0.2251733094,0.1669686288,-0.05820468068,0.1409309333,0.1154713541,0.1566828001,0.1643309434,-0.1712771505
fast-deep-ensemble,transferred-cifar-config-extra,information-theoretic,0.5,0.1994653791,0.2379640937,0.03849871457,0.09574961662,0.09362259507,-0.002127021551,0.1409309333,0.1504785001,0.1711440606,0.1281709067,-0.04062573612
fast-deep-ensemble,transferred-cifar-config-extra,information-theoretic,0.1,0.1994653791,0.3125378489,0.1130724698,0.09574961662,0.1353601664,0.03961054981,0.1409309333,0.1154713541,0.1711440606,0.1782006119,-0.07346192002
het-xl-e6rpfaue,transferred-cifar-config,bregman-estimated,0.5,0.07034810632,0.05795102939,-0.01239707693,0.02075629123,0.05282524601,0.03206895478,0.2170736695,0.1546117939,0.2167215205,0.157921045,0.01967187785
het-xl-e6rpfaue,transferred-cifar-config,bregman-estimated,0.1,0.07034810632,0.09995097667,0.02960287035,0.02075629123,0.5281078815,0.5073515903,0.2170736695,0.1050946355,0.2167215205,0.09628906043,0.47774872
het-xl-e6rpfaue,transferred-cifar-config,information-theoretic,0.5,0.07034810632,0.05795102939,-0.01239707693,0.01717853919,0.04135971516,0.02418117598,0.2170736695,0.1546117939,0.2180330713,0.1588882534,0.01178409904
het-xl-e6rpfaue,transferred-cifar-config,information-theoretic,0.1,0.07034810632,0.09995097667,0.02960287035,0.01717853919,0.2118499279,0.1946713887,0.2170736695,0.1050946355,0.2180330713,0.09789667554,0.1650685184
het-xl-olapo0kg,transferred-cifar-config,bregman-estimated,0.5,0.07650663704,0.0458862707,-0.03062036633,0.2783195674,0.1371915936,-0.1411279738,0.1305156536,0.0845054283,0.1534001266,0.0809932839,-0.1717483401
het-xl-olapo0kg,transferred-cifar-config,bregman-estimated,0.1,0.07650663704,0.1358639449,0.05935730785,0.2783195674,0.8911622167,0.6128426492,0.1305156536,0.1252632301,0.1534001266,0.07985942191,0.5534853414
het-xl-olapo0kg,transferred-cifar-config,information-theoretic,0.5,0.07650663704,0.0458862707,-0.03062036633,0.1446451545,0.09321174026,-0.05143341422,0.1305156536,0.0845054283,0.1518341884,0.08639268544,-0.08205378056
het-xl-olapo0kg,transferred-cifar-config,information-theoretic,0.1,0.07650663704,0.1358639449,0.05935730785,0.1446451545,0.2902001739,0.1455550194,0.1305156536,0.1252632301,0.1518341884,0.07800152989,0.08619771153
hetclassnn,transferred-cifar-config,bregman-estimated,0.5,0.4032416642,0.2320746034,-0.1711670607,0.02241639048,0.02085924149,-0.001557148993,0.1108608523,0.1335577507,0.171569852,0.1785138874,-0.1727242097
hetclassnn,transferred-cifar-config,bregman-estimated,0.1,0.4032416642,0.3496925831,-0.05354908109,0.02241639048,0.06287570298,0.0404593125,0.1108608523,0.1850131059,0.171569852,0.1289655416,-0.01308976859
hetclassnn,transferred-cifar-config,information-theoretic,0.5,0.4032416642,0.2320746034,-0.1711670607,0.02145221271,0.01962420531,-0.0018280074,0.1108608523,0.1335577507,0.1566251975,0.1760797116,-0.1729950681
hetclassnn,transferred-cifar-config,information-theoretic,0.1,0.4032416642,0.3496925831,-0.05354908109,0.02145221271,0.05552894995,0.03407673724,0.1108608523,0.1850131059,0.1566251975,0.1202610764,-0.01947234385
laplace,posthoc,bregman-estimated,0.5,0.2960919738,0.3291498125,0.03305783868,0.01246827003,0.0239149034,0.01144663338,0.1357023321,0.1355981254,0.1175424266,0.114803548,-0.0216112053
laplace,posthoc,bregman-estimated,0.1,0.2960919738,0.2255705595,-0.07052141428,0.01246827003,0.1267880797,0.1143198097,0.1357023321,0.07652044483,0.1175424266,0.06067936217,0.04379839543
laplace,posthoc,information-theoretic,0.5,0.2960919738,0.3291498125,0.03305783868,0.01206465159,0.02279274166,0.01072809007,0.1357023321,0.1355981254,0.1168273606,0.11336239,-0.02232974861
laplace,posthoc,information-theoretic,0.1,0.2960919738,0.2255705595,-0.07052141428,0.01206465159,0.08948568255,0.07742103096,0.1357023321,0.07652044483,0.1168273606,0.05801963482,0.006899616681
loss-prediction,transferred-cifar-config,bregman-estimated,0.5,0.1834730208,0.2530699968,0.06959697604,5.382095811e-12,-1.625994062e-10,-1.67981502e-10,0.1319267703,0.1393630657,,,-0.06959697621
loss-prediction,transferred-cifar-config,bregman-estimated,0.1,0.1834730208,0.4792432487,0.2957702279,5.382095811e-12,-8.437076593e-10,-8.490897551e-10,0.1319267703,0.1510710999,,,-0.2957702288
loss-prediction,transferred-cifar-config,information-theoretic,0.5,0.1834730208,0.2530699968,0.06959697604,0,0,0,0.1319267703,0.1393630657,,,-0.06959697604
loss-prediction,transferred-cifar-config,information-theoretic,0.1,0.1834730208,0.4792432487,0.2957702279,0,0,0,0.1319267703,0.1510710999,,,-0.2957702279
mc-dropout,transferred-cifar-config,bregman-estimated,0.5,0.2541011274,0.1819912046,-0.07210992277,0.001406427124,0.002088759094,0.0006823319709,0.1086078474,0.1149247678,0.1654319528,0.1182352815,-0.0714275908
mc-dropout,transferred-cifar-config,bregman-estimated,0.1,0.2541011274,0.3617651165,0.1076639891,0.001406427124,0.001484598848,7.817172445e-05,0.1086078474,0.1458691388,0.1654319528,0.128356499,-0.1075858173
mc-dropout,transferred-cifar-config,information-theoretic,0.5,0.2541011274,0.1819912046,-0.07210992277,0.001403390779,0.002082057763,0.0006786669837,0.1086078474,0.1149247678,0.1655443677,0.1179627674,-0.07143125578
mc-dropout,transferred-cifar-config,information-theoretic,0.1,0.2541011274,0.3617651165,0.1076639891,0.001403390779,0.001481624087,7.823330816e-05,0.1086078474,0.1458691388,0.1655443677,0.127333355,-0.1075857558
postnet,transferred-cifar-config,bregman-estimated,0.5,0.1686228067,0.3212056756,0.1525828689,0.0009431230137,0.006848289166,0.005905166152,0.2170141304,0.06831779885,0.09458202463,0.02541193471,-0.1466777028
postnet,transferred-cifar-config,bregman-estimated,0.1,0.1686228067,0.2870791256,0.118456319,0.0009431230137,0.003200511914,0.0022573889,0.2170141304,0.1340898301,0.09458202463,0.0523209266,-0.1161989301
postnet,transferred-cifar-config,information-theoretic,0.5,0.1686228067,0.3212056756,0.1525828689,0.0008356660837,0.005803583656,0.004967917572,0.2170141304,0.06831779885,0.0969669451,0.02738047807,-0.1476149514
postnet,transferred-cifar-config,information-theoretic,0.1,0.1686228067,0.2870791256,0.118456319,0.0008356660837,0.002772906562,0.001937240479,0.2170141304,0.1340898301,0.0969669451,0.05289384849,-0.1165190785
shallow-ensemble,transferred-cifar-config,bregman-estimated,0.5,0.1362996101,0.1683998108,0.03210020065,0.006505479105,0.6358729005,0.6293674214,0.2210316875,0.2242426887,0.2129467142,-0.1704650363,0.5972672207
shallow-ensemble,transferred-cifar-config,bregman-estimated,0.1,0.1362996101,0.1627424657,0.0264428556,0.006505479105,0.0004048723495,-0.006100606755,0.2210316875,0.05252925381,0.2129467142,0.06705694219,-0.03254346235
shallow-ensemble,transferred-cifar-config,information-theoretic,0.5,0.1362996101,0.1683998108,0.03210020065,0.006753737573,0.2548868358,0.2481330982,0.2210316875,0.2242426887,0.2116293749,-0.2216466981,0.2160328976
shallow-ensemble,transferred-cifar-config,information-theoretic,0.1,0.1362996101,0.1627424657,0.0264428556,0.006753737573,0.0004195859656,-0.006334151607,0.2210316875,0.05252925381,0.2116293749,0.07036127435,-0.0327770072
sngp-1692idyk,transferred-cifar-config,bregman-estimated,0.5,0.2953855097,0.2722140551,-0.02317145467,0.03934988752,0.0564937219,0.01714383438,0.1155213125,0.1792884074,0.1099916874,0.1728816479,-0.006027620286
sngp-1692idyk,transferred-cifar-config,bregman-estimated,0.1,0.2953855097,0.3100883961,0.01470288634,0.03934988752,0.1302473694,0.09089748189,0.1155213125,0.1788367323,0.1099916874,0.1763152311,0.07619459555
sngp-1692idyk,transferred-cifar-config,information-theoretic,0.5,0.2953855097,0.2722140551,-0.02317145467,0.03335553408,0.04536760598,0.01201207191,0.1155213125,0.1792884074,0.1098512998,0.1697918936,-0.01115938276
sngp-1692idyk,transferred-cifar-config,information-theoretic,0.1,0.2953855097,0.3100883961,0.01470288634,0.03335553408,0.07502605766,0.04167052358,0.1155213125,0.1788367323,0.1098512998,0.1718392427,0.02696763724
sngp-jkzjb5vz,transferred-cifar-config,bregman-estimated,0.5,0.4166676402,0.0515390262,-0.365128614,0.03344848379,0.005882999394,-0.0275654844,0.2107952506,0.1273178731,0.1823521984,0.1178270842,-0.3926940984
sngp-jkzjb5vz,transferred-cifar-config,bregman-estimated,0.1,0.4166676402,0.6134441495,0.1967765093,0.03344848379,0.03702142835,0.003572944552,0.2107952506,0.1345636239,0.1823521984,0.00169799836,-0.1932035647
sngp-jkzjb5vz,transferred-cifar-config,information-theoretic,0.5,0.4166676402,0.0515390262,-0.365128614,0.03126136214,0.005767566152,-0.02549379598,0.2107952506,0.1273178731,0.1823269711,0.1093882672,-0.39062241
sngp-jkzjb5vz,transferred-cifar-config,information-theoretic,0.1,0.4166676402,0.6134441495,0.1967765093,0.03126136214,0.03265493736,0.001393575221,0.2107952506,0.1345636239,0.1823269711,-0.001266243692,-0.1953829341
swag,posthoc,bregman-estimated,0.5,0.0247771088,0.2206508815,0.1958737727,0.221602723,0.2337831259,0.01218040287,0.1773692723,0.2062756819,0.1694939244,0.2049767348,-0.1836933699
swag,posthoc,bregman-estimated,0.1,0.0247771088,0.3942918181,0.3695147093,0.221602723,0.1963580251,-0.02524469793,0.1773692723,0.111527087,0.1694939244,0.09868163703,-0.3947594073
swag,posthoc,information-theoretic,0.5,0.0247771088,0.2206508815,0.1958737727,0.09327802807,0.1570444256,0.06376639754,0.1773692723,0.2062756819,0.1700863928,0.198208736,-0.1321073752
swag,posthoc,information-theoretic,0.1,0.0247771088,0.3942918181,0.3695147093,0.09327802807,0.137181446,0.04390341789,0.1773692723,0.111527087,0.1700863928,0.05180952677,-0.3256112915
temperature-scaling,posthoc,bregman-estimated,0.5,0.5567111373,0.574431777,0.01772063971,-4.317375901e-10,9.921641286e-10,1.423901719e-09,0.1352743136,0.1348860335,,,-0.01772063828
temperature-scaling,posthoc,bregman-estimated,0.1,0.5567111373,0.6022891998,0.04557806253,-4.317375901e-10,-7.379441502e-10,-3.062065601e-10,0.1352743136,0.07016672686,,,-0.04557806284
temperature-scaling,posthoc,information-theoretic,0.5,0.5567111373,0.574431777,0.01772063971,0,0,0,0.1352743136,0.1348860335,,,-0.01772063971
temperature-scaling,posthoc,information-theoretic,0.1,0.5567111373,0.6022891998,0.04557806253,0,0,0,0.1352743136,0.07016672686,,,-0.04557806253
