phase,train_fraction,method,parameter_source,decomposition,num_samples,num_finite_samples,mean_aleatoric,mean_epistemic,std_aleatoric,std_epistemic,pearson_aleatoric_label_entropy,spearman_aleatoric_label_entropy,pearson_epistemic_label_entropy,spearman_epistemic_label_entropy,spearman_aleatoric_vote_disagreement,spearman_epistemic_vote_disagreement
full-data,1,ce-baseline,transferred-cifar-config,information-theoretic,977,977,0.1948926449,0,0.1972149014,0,-0.02277836745,0.09752541141,,,0.05314769529,
full-data,1,ce-baseline,transferred-cifar-config,bregman-estimated,977,977,0.1948926449,-2.925128195e-10,0.1972149014,7.29671612e-09,-0.02277836745,0.09752541141,,,0.05314769529,
full-data,1,mc-dropout,transferred-cifar-config,information-theoretic,977,977,0.2541011274,0.001403390779,0.2316378653,0.001669848221,0.002800898442,0.1086078474,0.0612348021,0.1655443677,0.06341764931,0.1235633543
full-data,1,mc-dropout,transferred-cifar-config,bregman-estimated,977,977,0.2541011274,0.001406427124,0.2316378653,0.001693099621,0.002800898442,0.1086078474,0.06052106548,0.1654319528,0.06341764931,0.1234287441
full-data,1,sngp-1692idyk,transferred-cifar-config,information-theoretic,977,977,0.2953855097,0.03335553408,0.2096384615,0.04260186851,0.03560884483,0.1155213125,-0.02847285038,0.1098512998,0.06556479995,0.05869831176
full-data,1,sngp-1692idyk,transferred-cifar-config,bregman-estimated,977,977,0.2953855097,0.03934988752,0.2096384615,0.05860354379,0.03560884483,0.1155213125,-0.03095027456,0.1099916874,0.06556479995,0.05882431245
full-data,1,edl,transferred-cifar-config,information-theoretic,977,977,0.2526060641,0.04119374231,0.1193766743,0.03423536569,0.1688747719,0.2358073914,0.1556971686,0.2365156018,0.2079673679,0.2083042988
full-data,1,edl,transferred-cifar-config,bregman-estimated,977,977,0.2526060641,0.04897075891,0.1193766743,0.04712282121,0.1688747719,0.2358073914,0.1477749449,0.2347380942,0.2079673679,0.2066159123
full-data,1,ddu,transferred-cifar-config,information-theoretic,977,977,0.5424268246,0,0.1759445965,0,0.1231435183,0.1089882549,,,0.05982878725,
full-data,1,ddu,transferred-cifar-config,bregman-estimated,977,977,0.5424268246,-1.497487273e-10,0.1759445965,1.814082928e-08,0.1231435183,0.1089882549,,,0.05982878725,
full-data,1,postnet,transferred-cifar-config,information-theoretic,977,977,0.1686228067,0.0008356660837,0.21587497,0.00535094738,0.1408038605,0.2170141304,-0.05724798014,0.0969669451,0.1879247358,0.06924079023
full-data,1,postnet,transferred-cifar-config,bregman-estimated,977,977,0.1686228067,0.0009431230137,0.21587497,0.007063381374,0.1408038605,0.2170141304,-0.05161921209,0.09458202463,0.1879247358,0.06709660681
full-data,1,loss-prediction,transferred-cifar-config,information-theoretic,977,977,0.1834730208,0,0.2306379527,0,-0.01746156028,0.1319267703,,,0.08146029684,
full-data,1,loss-prediction,transferred-cifar-config,bregman-estimated,977,977,0.1834730208,5.382095811e-12,0.2306379527,8.748108016e-09,-0.01746156028,0.1319267703,,,0.08146029684,
full-data,1,het-xl-e6rpfaue,transferred-cifar-config,information-theoretic,977,977,0.07034810632,0.01717853919,0.1504090726,0.04493134841,0.0706193014,0.2170736695,0.05132645884,0.2180330713,0.1861178995,0.1857984289
full-data,1,het-xl-e6rpfaue,transferred-cifar-config,bregman-estimated,977,977,0.07034810632,0.02075629123,0.1504090726,0.07205274701,0.0706193014,0.2170736695,0.03756625006,0.2167215205,0.1861178995,0.1855460294
full-data,1,sngp-jkzjb5vz,transferred-cifar-config,information-theoretic,977,977,0.4166676402,0.03126136214,0.2108058333,0.02108290605,0.1772700894,0.2107952506,0.1083627303,0.1823269711,0.1809005625,0.1462328661
full-data,1,sngp-jkzjb5vz,transferred-cifar-config,bregman-estimated,977,977,0.4166676402,0.03344848379,0.2108058333,0.02458297089,0.1772700894,0.2107952506,0.09967857517,0.1823521984,0.1809005625,0.1461872853
full-data,1,shallow-ensemble,transferred-cifar-config,information-theoretic,977,977,0.1362996101,0.006753737573,0.2020594031,0.01965997182,0.1093576452,0.2210316875,0.02124843468,0.2116293749,0.1942643339,0.1864411021
full-data,1,shallow-ensemble,transferred-cifar-config,bregman-estimated,977,977,0.1362996101,0.006505479105,0.2020594031,0.02101637796,0.1093576452,0.2210316875,0.02226865311,0.2129467142,0.1942643339,0.1876780877
full-data,1,het-xl-olapo0kg,transferred-cifar-config,information-theoretic,977,977,0.07650663704,0.1446451545,0.08701726049,0.1505076885,-0.01714795015,0.1305156536,0.0366470264,0.1518341884,0.08527341566,0.1088539496
full-data,1,het-xl-olapo0kg,transferred-cifar-config,bregman-estimated,977,977,0.07650663704,0.2783195674,0.08701726049,0.4290885031,-0.01714795015,0.1305156536,0.007571296791,0.1534001266,0.08527341566,0.1102566068
full-data,1,hetclassnn,transferred-cifar-config,information-theoretic,977,977,0.4032416642,0.02145221271,0.2449264079,0.01680106856,0.05439149058,0.1108608523,0.1410355199,0.1566251975,0.06095987875,0.1657503368
full-data,1,hetclassnn,transferred-cifar-config,bregman-estimated,977,977,0.4032416642,0.02241639048,0.2449264079,0.0192084033,0.05439149058,0.1108608523,0.1414917659,0.171569852,0.06095987875,0.1754195933
scarce-50pct,0.5,ce-baseline,transferred-cifar-config,information-theoretic,977,977,0.2540898025,0,0.2172439843,0,0.009195255205,0.1102284781,,,0.06512824635,
scarce-50pct,0.5,ce-baseline,transferred-cifar-config,bregman-estimated,977,977,0.2540898025,1.194110366e-10,0.2172439843,8.75389361e-09,0.009195255205,0.1102284781,,,0.06512824635,
scarce-50pct,0.5,mc-dropout,transferred-cifar-config,information-theoretic,977,977,0.1819912046,0.002082057763,0.2203860283,0.003332121065,-0.03662802328,0.1149247678,-0.002890915057,0.1179627674,0.07072538781,0.07392488475
scarce-50pct,0.5,mc-dropout,transferred-cifar-config,bregman-estimated,977,977,0.1819912046,0.002088759094,0.2203860283,0.003396764398,-0.03662802328,0.1149247678,-0.002029844771,0.1182352815,0.07072538781,0.07431154325
scarce-50pct,0.5,sngp-1692idyk,transferred-cifar-config,information-theoretic,977,977,0.2722140551,0.04536760598,0.2165139616,0.04930892214,0.1263994271,0.1792884074,0.09849630109,0.1697918936,0.147888978,0.133258949
scarce-50pct,0.5,sngp-1692idyk,transferred-cifar-config,bregman-estimated,977,977,0.2722140551,0.0564937219,0.2165139616,0.1611178219,0.1263994271,0.1792884074,0.04767812388,0.1728816479,0.147888978,0.1365975783
scarce-50pct,0.5,edl,transferred-cifar-config,information-theoretic,977,977,0.4198484123,0.1020203233,0.1128434762,0.04822710156,0.1804973308,0.2108435382,0.1747373455,0.2154615984,0.1819532907,0.1859088252
scarce-50pct,0.5,edl,transferred-cifar-config,bregman-estimated,977,977,0.4198484123,0.1364782006,0.1128434762,0.07465915382,0.1804973308,0.2108435382,0.1666002055,0.2122539123,0.1819532907,0.1822037108
scarce-50pct,0.5,ddu,transferred-cifar-config,information-theoretic,977,977,0.5527040958,0,0.1662158221,0,0.1310114526,0.1444419638,,,0.094700024,
scarce-50pct,0.5,ddu,transferred-cifar-config,bregman-estimated,977,977,0.5527040958,-1.864358529e-10,0.1662158221,1.897251067e-08,0.1310114526,0.1444419638,,,0.094700024,
scarce-50pct,0.5,postnet,transferred-cifar-config,information-theoretic,977,977,0.3212056756,0.005803583656,0.2145240456,0.0187580213,0.003325244769,0.06831779885,-0.05022657015,0.02738047807,0.02834550538,0.00390200808
scarce-50pct,0.5,postnet,transferred-cifar-config,bregman-estimated,977,977,0.3212056756,0.006848289166,0.2145240456,0.02659022249,0.003325244769,0.06831779885,-0.05087307891,0.02541193471,0.02834550538,0.001703260521
scarce-50pct,0.5,loss-prediction,transferred-cifar-config,information-theoretic,977,977,0.2530699968,0,0.2534460127,0,0.007747175881,0.1393630657,,,0.08893889941,
scarce-50pct,0.5,loss-prediction,transferred-cifar-config,bregman-estimated,977,977,0.2530699968,-1.625994062e-10,0.2534460127,1.126284932e-08,0.007747175881,0.1393630657,,,0.08893889941,
scarce-50pct,0.5,het-xl-e6rpfaue,transferred-cifar-config,information-theoretic,977,977,0.05795102939,0.04135971516,0.113579236,0.07685726881,-0.0407887492,0.1546117939,-0.01319660217,0.1588882534,0.1123748736,0.1174359527
scarce-50pct,0.5,het-xl-e6rpfaue,transferred-cifar-config,bregman-estimated,977,977,0.05795102939,0.05282524601,0.113579236,0.1345947087,-0.0407887492,0.1546117939,-0.02426812736,0.157921045,0.1123748736,0.1162873575
scarce-50pct,0.5,sngp-jkzjb5vz,transferred-cifar-config,information-theoretic,977,977,0.0515390262,0.005767566152,0.1210328564,0.01714811474,0.01500953545,0.1273178731,0.02549983084,0.1093882672,0.09115570352,0.07455370229
scarce-50pct,0.5,sngp-jkzjb5vz,transferred-cifar-config,bregman-estimated,977,977,0.0515390262,0.005882999394,0.1210328564,0.01983004995,0.01500953545,0.1273178731,0.03129138847,0.1178270842,0.09115570352,0.08225531884
scarce-50pct,0.5,shallow-ensemble,transferred-cifar-config,information-theoretic,977,977,0.1683998108,0.2548868358,0.193360135,0.06955801696,0.134530275,0.2242426887,-0.1434118646,-0.2216466981,0.1885346592,-0.1854125214
scarce-50pct,0.5,shallow-ensemble,transferred-cifar-config,bregman-estimated,977,977,0.1683998108,0.6358729005,0.193360135,0.2331127971,0.134530275,0.2242426887,-0.1204357874,-0.1704650363,0.1885346592,-0.1297417498
scarce-50pct,0.5,het-xl-olapo0kg,transferred-cifar-config,information-theoretic,977,977,0.0458862707,0.09321174026,0.06418702751,0.1111542806,-0.04846898906,0.0845054283,-0.02793799502,0.08639268544,0.03650034158,0.03863291967
scarce-50pct,0.5,het-xl-olapo0kg,transferred-cifar-config,bregman-estimated,977,977,0.0458862707,0.1371915936,0.06418702751,0.2919169366,-0.04846898906,0.0845054283,-0.0351801495,0.0809932839,0.03650034158,0.0345249059
scarce-50pct,0.5,hetclassnn,transferred-cifar-config,information-theoretic,977,977,0.2320746034,0.01962420531,0.2388396859,0.02028764039,0.00994287571,0.1335577507,0.09680766393,0.1760797116,0.08726054288,0.14440957
scarce-50pct,0.5,hetclassnn,transferred-cifar-config,bregman-estimated,977,977,0.2320746034,0.02085924149,0.2388396859,0.02548319288,0.00994287571,0.1335577507,0.07954598899,0.1785138874,0.08726054288,0.1437181232
scarce-10pct,0.1,ce-baseline,transferred-cifar-config,information-theoretic,977,977,0.5320232511,0,0.2183947712,0,0.1195465397,0.1411973713,,,0.1130293225,
scarce-10pct,0.1,ce-baseline,transferred-cifar-config,bregman-estimated,977,977,0.5320232511,-2.209104982e-10,0.2183947712,1.742554545e-08,0.1195465397,0.1411973713,,,0.1130293225,
scarce-10pct,0.1,mc-dropout,transferred-cifar-config,information-theoretic,977,977,0.3617651165,0.001481624087,0.2613340616,0.001792705152,0.08376798182,0.1458691388,0.04013686868,0.127333355,0.1078666338,0.09902678054
scarce-10pct,0.1,mc-dropout,transferred-cifar-config,bregman-estimated,977,977,0.3617651165,0.001484598848,0.2613340616,0.001808183384,0.08376798182,0.1458691388,0.04128699391,0.128356499,0.1078666338,0.09991994729
scarce-10pct,0.1,sngp-1692idyk,transferred-cifar-config,information-theoretic,977,977,0.3100883961,0.07502605766,0.2068856508,0.08863414079,0.1304615549,0.1788367323,0.1057405641,0.1718392427,0.1486387646,0.1524630992
scarce-10pct,0.1,sngp-1692idyk,transferred-cifar-config,bregman-estimated,977,977,0.3100883961,0.1302473694,0.2068856508,0.4196024835,0.1304615549,0.1788367323,0.06154278398,0.1763152311,0.1486387646,0.1569649003
scarce-10pct,0.1,edl,transferred-cifar-config,information-theoretic,977,977,0.3247703016,0.06450591981,0.1196220443,0.04674082249,0.09579221425,0.1690515063,0.06685538201,0.1751010908,0.1321355619,0.138683886
scarce-10pct,0.1,edl,transferred-cifar-config,bregman-estimated,977,977,0.3247703016,0.08192618191,0.1196220443,0.070524849,0.09579221425,0.1690515063,0.06006047111,0.172658542,0.1321355619,0.1363662264
scarce-10pct,0.1,ddu,transferred-cifar-config,information-theoretic,977,977,0.532631278,0,0.07895702869,0,0.09481331902,0.1341330991,,,0.09675084198,
scarce-10pct,0.1,ddu,transferred-cifar-config,bregman-estimated,977,977,0.532631278,-2.07800957e-10,0.07895702869,1.534275995e-08,0.09481331902,0.1341330991,,,0.09675084198,
scarce-10pct,0.1,postnet,transferred-cifar-config,information-theoretic,977,977,0.2870791256,0.002772906562,0.2207297087,0.01189921331,0.1035996839,0.1340898301,-0.06585371078,0.05289384849,0.1186503994,0.0446523441
scarce-10pct,0.1,postnet,transferred-cifar-config,bregman-estimated,977,977,0.2870791256,0.003200511914,0.2207297087,0.01757094078,0.1035996839,0.1340898301,-0.06274039696,0.0523209266,0.1186503994,0.04407612132
scarce-10pct,0.1,loss-prediction,transferred-cifar-config,information-theoretic,977,977,0.4792432487,0,0.1760533899,0,0.1521847134,0.1510710999,,,0.1437506534,
scarce-10pct,0.1,loss-prediction,transferred-cifar-config,bregman-estimated,977,977,0.4792432487,-8.437076593e-10,0.1760533899,1.557029528e-08,0.1521847134,0.1510710999,,,0.1437506534,
scarce-10pct,0.1,het-xl-e6rpfaue,transferred-cifar-config,information-theoretic,977,977,0.09995097667,0.2118499279,0.08597458154,0.1874914318,0.02561370143,0.1050946355,0.01669994452,0.09789667554,0.06823646214,0.06168435927
scarce-10pct,0.1,het-xl-e6rpfaue,transferred-cifar-config,bregman-estimated,977,977,0.09995097667,0.5281078815,0.08597458154,0.6331686974,0.02561370143,0.1050946355,-0.02596731319,0.09628906043,0.06823646214,0.06020270656
scarce-10pct,0.1,sngp-jkzjb5vz,transferred-cifar-config,information-theoretic,977,977,0.6134441495,0.03265493736,0.05709533766,0.01914018206,0.09326188134,0.1345636239,0.004691580734,-0.001266243692,0.1122571009,0.007046996987
scarce-10pct,0.1,sngp-jkzjb5vz,transferred-cifar-config,bregman-estimated,977,977,0.6134441495,0.03702142835,0.05709533766,0.08711547405,0.09326188134,0.1345636239,0.02367443138,0.00169799836,0.1122571009,0.009310711291
scarce-10pct,0.1,shallow-ensemble,transferred-cifar-config,information-theoretic,977,977,0.1627424657,0.0004195859656,0.2130874097,0.000914840668,-0.0141585873,0.05252925381,-0.02762717982,0.07036127435,0.01859906459,0.04192334668
scarce-10pct,0.1,shallow-ensemble,transferred-cifar-config,bregman-estimated,977,977,0.1627424657,0.0004048723495,0.2130874097,0.0008798082126,-0.0141585873,0.05252925381,-0.03126386349,0.06705694219,0.01859906459,0.03829149974
scarce-10pct,0.1,het-xl-olapo0kg,transferred-cifar-config,information-theoretic,977,977,0.1358639449,0.2902001739,0.08465722948,0.1907553375,0.09094159597,0.1252632301,0.03716084693,0.07800152989,0.09041395704,0.04701214644
scarce-10pct,0.1,het-xl-olapo0kg,transferred-cifar-config,bregman-estimated,977,977,0.1358639449,0.8911622167,0.08465722948,0.8714052439,0.09094159597,0.1252632301,-0.0006328783202,0.07985942191,0.09041395704,0.04883311301
scarce-10pct,0.1,hetclassnn,transferred-cifar-config,information-theoretic,977,977,0.3496925831,0.05552894995,0.2055422068,0.04145286977,0.1493863383,0.1850131059,0.083298483,0.1202610764,0.1623733958,0.109573653
scarce-10pct,0.1,hetclassnn,transferred-cifar-config,bregman-estimated,977,977,0.3496925831,0.06287570298,0.2055422068,0.05620735139,0.1493863383,0.1850131059,0.07410995491,0.1289655416,0.1623733958,0.117313771
full-data,1,correctness-prediction,exact-cdc24149,information-theoretic,977,977,0.1093047783,0,0.2011433691,0,0.06267728174,0.1585035034,,,0.1406694052,
full-data,1,correctness-prediction,exact-cdc24149,bregman-estimated,977,977,0.1093047783,1.064099364e-10,0.2011433691,7.201790275e-09,0.06267728174,0.1585035034,,,0.1406694052,
scarce-50pct,0.5,correctness-prediction,exact-cdc24149,information-theoretic,977,977,0.1919858307,0,0.2016327381,0,-0.01450355745,0.1014952445,,,0.05821515948,
scarce-50pct,0.5,correctness-prediction,exact-cdc24149,bregman-estimated,977,977,0.1919858307,6.260031382e-11,0.2016327381,8.761540826e-09,-0.01450355745,0.1014952445,,,0.05821515948,
scarce-10pct,0.1,correctness-prediction,exact-cdc24149,information-theoretic,977,977,0.1053428948,0,0.154197067,0,-0.03003437243,0.08470896188,,,0.04482730814,
scarce-10pct,0.1,correctness-prediction,exact-cdc24149,bregman-estimated,977,977,0.1053428948,9.692553704e-11,0.154197067,3.997634668e-09,-0.03003437243,0.08470896188,,,0.04482730814,
full-data,1,deep-ensemble,posthoc,information-theoretic,977,977,0.1994653791,0.09574961662,0.1716135591,0.12612468,0.01824599429,0.1409309333,0.0534121964,0.1711440606,0.09048854843,0.1242571487
full-data,1,deep-ensemble,posthoc,bregman-estimated,977,977,0.1994653791,0.2251733094,0.1716135591,0.3844245374,0.01824599429,0.1409309333,-0.01629478936,0.1566828001,0.09048854843,0.1068509969
full-data,1,temperature-scaling,posthoc,information-theoretic,977,977,0.5567111373,0,0.1416907161,0,0.1120283131,0.1352743136,,,0.08717749606,
full-data,1,temperature-scaling,posthoc,bregman-estimated,977,977,0.5567111373,-4.317375901e-10,0.1416907161,1.909897129e-08,0.1120283131,0.1352743136,,,0.08717749606,
full-data,1,swag,posthoc,information-theoretic,977,977,0.0247771088,0.09327802807,0.04389261454,0.1380751133,0.0134018594,0.1773692723,-0.01674307642,0.1700863928,0.1344467024,0.1251104439
full-data,1,swag,posthoc,bregman-estimated,977,977,0.0247771088,0.221602723,0.04389261454,0.5381230116,0.0134018594,0.1773692723,-0.06401886597,0.1694939244,0.1344467024,0.124644681
scarce-50pct,0.5,deep-ensemble,posthoc,information-theoretic,977,977,0.2379640937,0.09362259507,0.1642622054,0.1068756729,0.06296501108,0.1504785001,0.02095138609,0.1281709067,0.1018106142,0.08911334128
scarce-50pct,0.5,deep-ensemble,posthoc,bregman-estimated,977,977,0.2379640937,0.1500386596,0.1642622054,0.2156597227,0.06296501108,0.1504785001,-0.0001819033864,0.1239280955,0.1018106142,0.08483452375
scarce-50pct,0.5,temperature-scaling,posthoc,information-theoretic,977,977,0.574431777,0,0.130314365,0,0.1242502654,0.1348860335,,,0.09223476646,
scarce-50pct,0.5,temperature-scaling,posthoc,bregman-estimated,977,977,0.574431777,9.921641286e-10,0.130314365,1.663144111e-08,0.1242502654,0.1348860335,,,0.09223476646,
scarce-50pct,0.5,swag,posthoc,information-theoretic,977,977,0.2206508815,0.1570444256,0.1461283565,0.1109299362,0.1600188087,0.2062756819,0.1611111603,0.198208736,0.1816566403,0.1744570938
scarce-50pct,0.5,swag,posthoc,bregman-estimated,977,977,0.2206508815,0.2337831259,0.1461283565,0.2292186469,0.1600188087,0.2062756819,0.1507785238,0.2049767348,0.1816566403,0.18070592
scarce-10pct,0.1,deep-ensemble,posthoc,information-theoretic,977,977,0.3125378489,0.1353601664,0.1425920725,0.06667754054,0.06842445648,0.1154713541,0.1745157432,0.1782006119,0.07511518457,0.1714462495
scarce-10pct,0.1,deep-ensemble,posthoc,bregman-estimated,977,977,0.3125378489,0.1669686288,0.1425920725,0.09651593119,0.06842445648,0.1154713541,0.143391041,0.1643309434,0.07511518457,0.1477150253
scarce-10pct,0.1,temperature-scaling,posthoc,information-theoretic,977,977,0.6022891998,0,0.09161736071,0,0.06712543396,0.07016672686,,,0.03465833022,
scarce-10pct,0.1,temperature-scaling,posthoc,bregman-estimated,977,977,0.6022891998,-7.379441502e-10,0.09161736071,1.964143514e-08,0.06712543396,0.07016672686,,,0.03465833022,
scarce-10pct,0.1,swag,posthoc,information-theoretic,977,977,0.3942918181,0.137181446,0.121967949,0.06218440831,0.0769377577,0.111527087,0.06804968792,0.05180952677,0.07233709248,0.05822488792
scarce-10pct,0.1,swag,posthoc,bregman-estimated,977,977,0.3942918181,0.1963580251,0.121967949,0.1010518894,0.0769377577,0.111527087,0.1082707652,0.09868163703,0.07233709248,0.0958567969
full-data,1,laplace,posthoc,information-theoretic,977,977,0.2960919738,0.01206465159,0.2335013002,0.01223939285,0.04639876054,0.1357023321,-0.006339484095,0.1168273606,0.08796260511,0.067918767
full-data,1,laplace,posthoc,bregman-estimated,977,977,0.2960919738,0.01246827003,0.2335013002,0.01310725231,0.04639876054,0.1357023321,-0.008927915981,0.1175424266,0.08796260511,0.06859848464
scarce-50pct,0.5,laplace,posthoc,information-theoretic,977,977,0.3291498125,0.02279274166,0.208012104,0.0186310932,0.07447593822,0.1355981254,0.02438775249,0.11336239,0.09302307448,0.0734764855
scarce-50pct,0.5,laplace,posthoc,bregman-estimated,977,977,0.3291498125,0.0239149034,0.208012104,0.02083993703,0.07447593822,0.1355981254,0.01830417311,0.114803548,0.09302307448,0.07480386116
scarce-10pct,0.1,laplace,posthoc,information-theoretic,977,977,0.2255705595,0.08948568255,0.1688990295,0.08989484608,0.01733600475,0.07652044483,-0.02031806687,0.05801963482,0.04031527611,0.02725855345
scarce-10pct,0.1,laplace,posthoc,bregman-estimated,977,977,0.2255705595,0.1267880797,0.1688990295,0.1998559982,0.01733600475,0.07652044483,-0.0273261709,0.06067936217,0.04031527611,0.02922912491
full-data,1,duq,transferred-cifar-config-extra,information-theoretic,977,977,0.3426556885,0,0.2471561432,0,0.1251791341,0.1939211047,,,0.1562793671,
full-data,1,duq,transferred-cifar-config-extra,bregman-estimated,977,977,0.3426556885,-1.956921257e-11,0.2471561432,7.831228999e-09,0.1251791341,0.1939211047,,,0.1562793671,
full-data,1,fast-deep-ensemble,transferred-cifar-config-extra,information-theoretic,977,977,0.1994653791,0.09574961662,0.1716135591,0.12612468,0.01824599429,0.1409309333,0.0534121964,0.1711440606,0.09048854843,0.1242571487
full-data,1,fast-deep-ensemble,transferred-cifar-config-extra,bregman-estimated,977,977,0.1994653791,0.2251733094,0.1716135591,0.3844245374,0.01824599429,0.1409309333,-0.01629478936,0.1566828001,0.09048854843,0.1068509969
scarce-50pct,0.5,duq,transferred-cifar-config-extra,information-theoretic,977,977,0.3619650304,0,0.2366059124,0,0.07620189173,0.1426369409,,,0.09874124521,
scarce-50pct,0.5,duq,transferred-cifar-config-extra,bregman-estimated,977,977,0.3619650304,3.084660305e-11,0.2366059124,1.011881157e-08,0.07620189173,0.1426369409,,,0.09874124521,
scarce-50pct,0.5,fast-deep-ensemble,transferred-cifar-config-extra,information-theoretic,977,977,0.2379640937,0.09362259507,0.1642622054,0.1068756729,0.06296501108,0.1504785001,0.02095138609,0.1281709067,0.1018106142,0.08911334128
scarce-50pct,0.5,fast-deep-ensemble,transferred-cifar-config-extra,bregman-estimated,977,977,0.2379640937,0.1500386596,0.1642622054,0.2156597227,0.06296501108,0.1504785001,-0.0001819033864,0.1239280955,0.1018106142,0.08483452375
scarce-10pct,0.1,duq,transferred-cifar-config-extra,information-theoretic,977,977,0.6251785159,0,0.07287155837,0,0.1075039131,0.1273907691,,,0.1120982868,
scarce-10pct,0.1,duq,transferred-cifar-config-extra,bregman-estimated,977,977,0.6251785159,-4.000868803e-10,0.07287155837,1.274349071e-08,0.1075039131,0.1273907691,,,0.1120982868,
scarce-10pct,0.1,fast-deep-ensemble,transferred-cifar-config-extra,information-theoretic,977,977,0.3125378489,0.1353601664,0.1425920725,0.06667754054,0.06842445648,0.1154713541,0.1745157432,0.1782006119,0.07511518457,0.1714462495
scarce-10pct,0.1,fast-deep-ensemble,transferred-cifar-config-extra,bregman-estimated,977,977,0.3125378489,0.1669686288,0.1425920725,0.09651593119,0.06842445648,0.1154713541,0.143391041,0.1643309434,0.07511518457,0.1477150253
full-data,1,deep-correctness-prediction,transferred-cifar-config-extra,information-theoretic,977,977,0.3530355692,0,0.2379796058,0,0.06434710461,0.1370170168,,,0.09231129446,
full-data,1,deep-correctness-prediction,transferred-cifar-config-extra,bregman-estimated,977,977,0.3530355692,1.072580635e-10,0.2379796058,1.216615964e-08,0.06434710461,0.1370170168,,,0.09231129446,
full-data,1,deep-loss-prediction,transferred-cifar-config-extra,information-theoretic,977,977,0.09130101651,0,0.144518882,0,-0.07223458289,0.08533273018,,,0.04140900846,
full-data,1,deep-loss-prediction,transferred-cifar-config-extra,bregman-estimated,977,977,0.09130101651,2.199392335e-10,0.144518882,4.337821213e-09,-0.07223458289,0.08533273018,,,0.04140900846,
scarce-50pct,0.5,deep-correctness-prediction,transferred-cifar-config-extra,information-theoretic,977,977,0.3340080976,0,0.2474729419,0,0.07646293391,0.1224854522,,,0.1037246107,
scarce-50pct,0.5,deep-correctness-prediction,transferred-cifar-config-extra,bregman-estimated,977,977,0.3340080976,-3.095023404e-10,0.2474729419,1.074691358e-08,0.07646293391,0.1224854522,,,0.1037246107,
scarce-50pct,0.5,deep-loss-prediction,transferred-cifar-config-extra,information-theoretic,977,977,0.1921546757,0,0.223017931,0,-0.07054019832,0.01916109077,,,-0.01856159135,
scarce-50pct,0.5,deep-loss-prediction,transferred-cifar-config-extra,bregman-estimated,977,977,0.1921546757,3.570411466e-10,0.223017931,9.327208339e-09,-0.07054019832,0.01916109077,,,-0.01856159135,
scarce-10pct,0.1,deep-correctness-prediction,transferred-cifar-config-extra,information-theoretic,977,977,0.0396740362,0,0.1181295961,0,0.01935827049,0.1097208574,,,0.07278802433,
scarce-10pct,0.1,deep-correctness-prediction,transferred-cifar-config-extra,bregman-estimated,977,977,0.0396740362,6.100782379e-11,0.1181295961,1.905945624e-09,0.01935827049,0.1097208574,,,0.07278802433,
scarce-10pct,0.1,deep-loss-prediction,transferred-cifar-config-extra,information-theoretic,977,977,0.02381116897,0,0.09509330988,0,-0.07182908247,0.08911411997,,,0.06112279658,
scarce-10pct,0.1,deep-loss-prediction,transferred-cifar-config-extra,bregman-estimated,977,977,0.02381116897,-1.584239961e-10,0.09509330988,4.346157656e-09,-0.07182908247,0.08911411997,,,0.06112279658,
