intervention,method,level,decomposition,clean_au,intervention_au,delta_au,clean_eu,intervention_eu,delta_eu,finite_n
label-noise,ce-baseline,0.1,information-theoretic,0.154702127,0.8155801892,0.6608780622,0,0,0,7180
label-noise,ce-baseline,0.1,bregman-estimated,0.154702127,0.8155801892,0.6608780622,-9.265996304e-11,-3.855410713e-10,-2.928811083e-10,7180
label-noise,correctness-prediction,0.1,information-theoretic,0.1045672521,0.7415869832,0.6370197311,0,0,0,7180
label-noise,correctness-prediction,0.1,bregman-estimated,0.1045672521,0.7415869832,0.6370197311,-7.880567032e-11,-7.616401954e-11,2.64165078e-12,7180
label-noise,loss-prediction,0.1,information-theoretic,0.1019592285,0.7888993621,0.6869401336,0,0,0,7180
label-noise,loss-prediction,0.1,bregman-estimated,0.1019592285,0.7888993621,0.6869401336,-3.301845949e-11,-4.574476631e-10,-4.244292036e-10,7180
label-noise,mc-dropout,0.1,information-theoretic,0.1328613609,0.7866052985,0.6537439376,0.01678682305,0.00750896614,-0.00927785691,7180
label-noise,mc-dropout,0.1,bregman-estimated,0.1328613609,0.7866052985,0.6537439376,0.0183695294,0.007627154235,-0.01074237517,7180
label-noise,edl,0.1,information-theoretic,0.5692746639,1.901835799,1.332561135,0.09306623042,0.1914445311,0.09837830068,7180
label-noise,edl,0.1,bregman-estimated,0.5692746639,1.901835799,1.332561135,0.1084155217,0.202980116,0.09456459432,7180
label-noise,sngp,0.1,information-theoretic,0.1348998994,0.2723324597,0.1374325603,0.001008035848,0.0009059734875,-0.0001020623605,7180
label-noise,sngp,0.1,bregman-estimated,0.1348998994,0.2723324597,0.1374325603,0.00101473846,0.000907897891,-0.000106840569,7180
label-noise,het,0.1,information-theoretic,0.1217880547,0.7438938618,0.6221058071,0.01736928709,0.02761124074,0.01024195365,7180
label-noise,het,0.1,bregman-estimated,0.1217880547,0.7438938618,0.6221058071,0.02015758306,0.02749362588,0.00733604282,7180
label-noise,het-xl,0.1,information-theoretic,0.1636299342,0.7195789218,0.5559489876,0.01206135191,0.05887023732,0.04680888541,7180
label-noise,het-xl,0.1,bregman-estimated,0.1636299342,0.7195789218,0.5559489876,0.0128941806,0.05866575614,0.04577157554,7180
label-noise,hetclassnn,0.1,information-theoretic,0.1107285246,0.75904423,0.6483157054,0.01530389488,0.008808136918,-0.006495757962,7180
label-noise,hetclassnn,0.1,bregman-estimated,0.1107285246,0.75904423,0.6483157054,0.0171825923,0.008970839903,-0.008211752397,7180
label-noise,shallow-ensemble,0.1,information-theoretic,0.1069713533,0.4822121561,0.3752408028,0.003378773341,0.2594304383,0.256051665,7180
label-noise,shallow-ensemble,0.1,bregman-estimated,0.1069713533,0.4822121561,0.3752408028,0.003639814677,0.2650301754,0.2613903607,7180
label-noise,duq,0.1,information-theoretic,0.1796124578,0.8999188542,0.7203063964,0,0,0,7180
label-noise,duq,0.1,bregman-estimated,0.1796124578,0.8999188542,0.7203063964,-2.251394383e-11,-9.926440225e-11,-7.675045842e-11,7180
label-noise,ce-baseline,0.2,information-theoretic,0.154702127,1.185939074,1.031236947,0,0,0,7180
label-noise,ce-baseline,0.2,bregman-estimated,0.154702127,1.185939074,1.031236947,-9.265996304e-11,1.12964138e-10,2.05624101e-10,7180
label-noise,correctness-prediction,0.2,information-theoretic,0.1045672521,1.101204991,0.9966377389,0,0,0,7180
label-noise,correctness-prediction,0.2,bregman-estimated,0.1045672521,1.101204991,0.9966377389,-7.880567032e-11,-1.289306075e-11,6.591260957e-11,7180
label-noise,loss-prediction,0.2,information-theoretic,0.1019592285,1.18189466,1.079935432,0,0,0,7180
label-noise,loss-prediction,0.2,bregman-estimated,0.1019592285,1.18189466,1.079935432,-3.301845949e-11,1.131966396e-10,1.462150991e-10,7180
label-noise,mc-dropout,0.2,information-theoretic,0.1328613609,1.029710293,0.8968489321,0.01678682305,0.009660859592,-0.007125963458,7180
label-noise,mc-dropout,0.2,bregman-estimated,0.1328613609,1.029710293,0.8968489321,0.0183695294,0.009837020189,-0.008532509211,7180
label-noise,edl,0.2,information-theoretic,0.5692746639,1.918551922,1.349277258,0.09306623042,0.1954470724,0.102380842,7180
label-noise,edl,0.2,bregman-estimated,0.5692746639,1.918551922,1.349277258,0.1084155217,0.2076462358,0.09923071412,7180
label-noise,sngp,0.2,information-theoretic,0.1348998994,0.3686846793,0.2337847799,0.001008035848,0.001181738451,0.000173702603,7180
label-noise,sngp,0.2,bregman-estimated,0.1348998994,0.3686846793,0.2337847799,0.00101473846,0.001184327877,0.000169589417,7180
label-noise,het,0.2,information-theoretic,0.1217880547,1.078650117,0.9568620623,0.01736928709,0.03038691357,0.01301762648,7180
label-noise,het,0.2,bregman-estimated,0.1217880547,1.078650117,0.9568620623,0.02015758306,0.03055573441,0.01039815135,7180
label-noise,het-xl,0.2,information-theoretic,0.1636299342,1.031405926,0.8677759918,0.01206135191,0.06373660266,0.05167525075,7180
label-noise,het-xl,0.2,bregman-estimated,0.1636299342,1.031405926,0.8677759918,0.0128941806,0.06373070925,0.05083652865,7180
label-noise,hetclassnn,0.2,information-theoretic,0.1107285246,1.134796381,1.024067856,0.01530389488,0.006960401312,-0.008343493568,7180
label-noise,hetclassnn,0.2,bregman-estimated,0.1107285246,1.134796381,1.024067856,0.0171825923,0.007053905632,-0.01012868667,7180
label-noise,shallow-ensemble,0.2,information-theoretic,0.1069713533,0.661572814,0.5546014607,0.003378773341,0.4187656045,0.4153868312,7180
label-noise,shallow-ensemble,0.2,bregman-estimated,0.1069713533,0.661572814,0.5546014607,0.003639814677,0.5498489141,0.5462090994,7180
label-noise,duq,0.2,information-theoretic,0.1796124578,1.095125914,0.9155134562,0,0,0,7180
label-noise,duq,0.2,bregman-estimated,0.1796124578,1.095125914,0.9155134562,-2.251394383e-11,1.318289228e-10,1.543428666e-10,7180
label-noise,ce-baseline,0.4,information-theoretic,0.154702127,1.642122865,1.487420738,0,0,0,7180
label-noise,ce-baseline,0.4,bregman-estimated,0.154702127,1.642122865,1.487420738,-9.265996304e-11,-2.507642149e-10,-1.581042519e-10,7180
label-noise,correctness-prediction,0.4,information-theoretic,0.1045672521,1.627491236,1.522923984,0,0,0,7180
label-noise,correctness-prediction,0.4,bregman-estimated,0.1045672521,1.627491236,1.522923984,-7.880567032e-11,-8.080109359e-10,-7.292052656e-10,7180
label-noise,loss-prediction,0.4,information-theoretic,0.1019592285,1.716375828,1.6144166,0,0,0,7180
label-noise,loss-prediction,0.4,bregman-estimated,0.1019592285,1.716375828,1.6144166,-3.301845949e-11,1.589563758e-10,1.919748353e-10,7180
label-noise,mc-dropout,0.4,information-theoretic,0.1328613609,1.603274465,1.470413104,0.01678682305,0.002178326482,-0.01460849657,7180
label-noise,mc-dropout,0.4,bregman-estimated,0.1328613609,1.603274465,1.470413104,0.0183695294,0.002187790815,-0.01618173859,7180
label-noise,edl,0.4,information-theoretic,0.5692746639,1.834073424,1.26479876,0.09306623042,0.3614180982,0.2683518678,7180
label-noise,edl,0.4,bregman-estimated,0.5692746639,1.834073424,1.26479876,0.1084155217,0.4383103848,0.3298948631,7180
label-noise,sngp,0.4,information-theoretic,0.1348998994,1.709900498,1.575000599,0.001008035848,0.00728354929,0.006275513442,7180
label-noise,sngp,0.4,bregman-estimated,0.1348998994,1.709900498,1.575000599,0.00101473846,0.007343093399,0.006328354939,7180
label-noise,het,0.4,information-theoretic,0.1217880547,1.564830422,1.443042367,0.01736928709,0.02884599753,0.01147671044,7180
label-noise,het,0.4,bregman-estimated,0.1217880547,1.564830422,1.443042367,0.02015758306,0.02949024737,0.00933266431,7180
label-noise,het-xl,0.4,information-theoretic,0.1636299342,1.589464545,1.425834611,0.01206135191,0.06682751328,0.05476616137,7180
label-noise,het-xl,0.4,bregman-estimated,0.1636299342,1.589464545,1.425834611,0.0128941806,0.06969834864,0.05680416804,7180
label-noise,hetclassnn,0.4,information-theoretic,0.1107285246,1.609501123,1.498772598,0.01530389488,0.00212488207,-0.01317901281,7180
label-noise,hetclassnn,0.4,bregman-estimated,0.1107285246,1.609501123,1.498772598,0.0171825923,0.002130168956,-0.01505242334,7180
label-noise,shallow-ensemble,0.4,information-theoretic,0.1069713533,1.043730855,0.9367595017,0.003378773341,0.6094635725,0.6060847992,7180
label-noise,shallow-ensemble,0.4,bregman-estimated,0.1069713533,1.043730855,0.9367595017,0.003639814677,0.9342032671,0.9305634524,7180
label-noise,duq,0.4,information-theoretic,0.1796124578,1.594254732,1.414642274,0,0,0,7180
label-noise,duq,0.4,bregman-estimated,0.1796124578,1.594254732,1.414642274,-2.251394383e-11,7.390317525e-11,9.641711908e-11,7180
label-noise,deep-correctness-prediction,0.1,information-theoretic,0.1002445519,0.8792077899,0.778963238,0,0,0,7180
label-noise,deep-correctness-prediction,0.1,bregman-estimated,0.1002445519,0.8792077899,0.778963238,4.009551718e-11,-5.023045521e-11,-9.032597239e-11,7180
label-noise,deep-loss-prediction,0.1,information-theoretic,0.1257501543,0.9306922555,0.8049421012,0,0,0,7180
label-noise,deep-loss-prediction,0.1,bregman-estimated,0.1257501543,0.9306922555,0.8049421012,2.199611604e-10,-5.88781468e-10,-8.087426284e-10,7180
label-noise,postnet,0.1,information-theoretic,0.3013033569,0.8538199067,0.5525165498,0.01294224989,0.03165017441,0.01870792452,7180
label-noise,postnet,0.1,bregman-estimated,0.3013033569,0.8538199067,0.5525165498,0.01532571949,0.03852401674,0.02319829725,7180
label-noise,deep-correctness-prediction,0.2,information-theoretic,0.1002445519,1.125088692,1.02484414,0,0,0,7180
label-noise,deep-correctness-prediction,0.2,bregman-estimated,0.1002445519,1.125088692,1.02484414,4.009551718e-11,-1.700933006e-10,-2.101888178e-10,7180
label-noise,deep-loss-prediction,0.2,information-theoretic,0.1257501543,1.141994715,1.016244561,0,0,0,7180
label-noise,deep-loss-prediction,0.2,bregman-estimated,0.1257501543,1.141994715,1.016244561,2.199611604e-10,4.577930257e-10,2.378318653e-10,7180
label-noise,postnet,0.2,information-theoretic,0.3013033569,1.1666435,0.8653401431,0.01294224989,0.005213003606,-0.007729246284,7180
label-noise,postnet,0.2,bregman-estimated,0.3013033569,1.1666435,0.8653401431,0.01532571949,0.005951620638,-0.009374098852,7180
label-noise,deep-correctness-prediction,0.4,information-theoretic,0.1002445519,1.698348284,1.598103732,0,0,0,7180
label-noise,deep-correctness-prediction,0.4,bregman-estimated,0.1002445519,1.698348284,1.598103732,4.009551718e-11,3.800783646e-11,-2.08768072e-12,7180
label-noise,deep-loss-prediction,0.4,information-theoretic,0.1257501543,1.631975055,1.506224901,0,0,0,7180
label-noise,deep-loss-prediction,0.4,bregman-estimated,0.1257501543,1.631975055,1.506224901,2.199611604e-10,-1.479646267e-10,-3.679257871e-10,7180
label-noise,postnet,0.4,information-theoretic,0.3013033569,1.658299446,1.356996089,0.01294224989,0.0009509843658,-0.01199126552,7180
label-noise,postnet,0.4,bregman-estimated,0.3013033569,1.658299446,1.356996089,0.01532571949,0.0008925825241,-0.01443313697,7180
